{
    "camera": {
        "fov": 120,
        "position": [
            -1.2503623962402344,
            0.7592028379440308,
            -0.8941599726676941
        ],
        "target": [
            -0.00408342929656047,
            0.016790928429581825,
            -0.008475578216619595
        ],
        "startAnim": "none",
        "animTrack": null
    },
    "background": {
        "color": [
            0.3058823529411765,
            0.3058823529411765,
            0.3058823529411765
        ]
    },
    "animTracks": []
}